{
  "model_name": "XGBoost",
  "model_version": "v1.0",
  "feature_names": [
    "Time",
    "V1",
    "V2",
    "V3",
    "V4",
    "V5",
    "V6",
    "V7",
    "V8",
    "V9",
    "V10",
    "V11",
    "V12",
    "V13",
    "V14",
    "V15",
    "V16",
    "V17",
    "V18",
    "V19",
    "V20",
    "V21",
    "V22",
    "V23",
    "V24",
    "V25",
    "V26",
    "V27",
    "V28",
    "Amount"
  ],
  "n_features": 30,
  "training_samples": 454902,
  "test_samples": 56962,
  "metrics": {
    "precision": 0.6071428571428571,
    "recall": 0.8673469387755102,
    "f1": 0.7142857142857143,
    "roc_auc": 0.9768807494860634,
    "pr_auc": 0.8619439095892408
  },
  "all_models_compared": {
    "Logistic Regression": {
      "precision": 0.05813953488372093,
      "recall": 0.9183673469387755,
      "f1": 0.10935601458080195,
      "roc_auc": 0.9698482164390798,
      "pr_auc": 0.7248611768135256,
      "train_time_seconds": 1.6972625255584717
    },
    "Random Forest": {
      "precision": 0.6721311475409836,
      "recall": 0.8367346938775511,
      "f1": 0.7454545454545455,
      "roc_auc": 0.9826393873531405,
      "pr_auc": 0.8496197183856062,
      "train_time_seconds": 33.99930667877197
    },
    "XGBoost": {
      "precision": 0.6071428571428571,
      "recall": 0.8673469387755102,
      "f1": 0.7142857142857143,
      "roc_auc": 0.9768807494860634,
      "pr_auc": 0.8619439095892408,
      "train_time_seconds": 4.779217720031738
    }
  }
}